location,utc,PM2.5,PM10,Total,unit
Camden - Bloomsbury,2021-10-27T23:00:00+00:00,7,15,22,µg/m³
Camden - Bloomsbury,2021-10-27T22:00:00+00:00,7,15,22,µg/m³
Camden - Bloomsbury,2021-10-27T21:00:00+00:00,7,15,22,µg/m³
Camden - Bloomsbury,2021-10-27T20:00:00+00:00,7,15,22,µg/m³
Camden - Bloomsbury,2021-10-27T19:00:00+00:00,6,15,21,µg/m³
Camden - Bloomsbury,2021-10-27T18:00:00+00:00,6,15,21,µg/m³
Camden - Bloomsbury,2021-10-27T17:00:00+00:00,6,15,21,µg/m³
Camden - Bloomsbury,2021-10-27T16:00:00+00:00,6,15,21,µg/m³
Camden - Bloomsbury,2021-10-27T15:00:00+00:00,6,15,21,µg/m³
Camden - Bloomsbury,2021-10-27T14:00:00+00:00,6,15,21,µg/m³
Camden - Bloomsbury,2021-10-27T13:00:00+00:00,6,15,21,µg/m³
Camden - Bloomsbury,2021-10-27T12:00:00+00:00,6,16,22,µg/m³
Camden - Bloomsbury,2021-10-27T11:00:00+00:00,6,16,22,µg/m³
Camden - Bloomsbury,2021-10-27T10:00:00+00:00,6,16,22,µg/m³
Camden - Bloomsbury,2021-10-27T09:00:00+00:00,6,16,22,µg/m³
Camden - Bloomsbury,2021-10-27T08:00:00+00:00,6,16,22,µg/m³
Camden - Bloomsbury,2021-10-27T07:00:00+00:00,7,16,23,µg/m³
Camden - Bloomsbury,2021-10-27T06:00:00+00:00,6,17,23,µg/m³
Camden - Bloomsbury,2021-10-27T05:00:00+00:00,6,17,23,µg/m³
Camden - Bloomsbury,2021-10-27T04:00:00+00:00,7,17,24,µg/m³
Camden - Bloomsbury,2021-10-27T03:00:00+00:00,7,17,24,µg/m³
Camden - Bloomsbury,2021-10-27T02:00:00+00:00,7,17,24,µg/m³
Camden - Bloomsbury,2021-10-27T01:00:00+00:00,5,20,25,µg/m³
Camden - Bloomsbury,2021-10-27T00:00:00+00:00,7,17,24,µg/m³
Camden - Bloomsbury,2021-10-26T23:00:00+00:00,7,16,23,µg/m³
Camden - Bloomsbury,2021-10-26T22:00:00+00:00,8,16,24,µg/m³
Camden - Bloomsbury,2021-10-26T21:00:00+00:00,7,16,23,µg/m³
Camden - Bloomsbury,2021-10-26T20:00:00+00:00,7,16,23,µg/m³
Camden - Bloomsbury,2021-10-26T19:00:00+00:00,7,16,23,µg/m³
Camden - Bloomsbury,2021-10-26T18:00:00+00:00,7,16,23,µg/m³
Camden - Bloomsbury,2021-10-26T17:00:00+00:00,7,16,23,µg/m³
Camden - Bloomsbury,2021-10-26T16:00:00+00:00,7,16,23,µg/m³
Camden - Bloomsbury,2021-10-26T15:00:00+00:00,7,15,22,µg/m³
Camden - Bloomsbury,2021-10-26T14:00:00+00:00,7,15,22,µg/m³
Camden - Bloomsbury,2021-10-26T13:00:00+00:00,7,15,22,µg/m³
Camden - Bloomsbury,2021-10-26T12:00:00+00:00,7,15,22,µg/m³
Camden - Bloomsbury,2021-10-26T11:00:00+00:00,7,15,22,µg/m³
Camden - Bloomsbury,2021-10-26T10:00:00+00:00,7,15,22,µg/m³
Camden - Bloomsbury,2021-10-26T09:00:00+00:00,6,15,21,µg/m³
Camden - Bloomsbury,2021-10-26T08:00:00+00:00,6,15,21,µg/m³
Camden - Bloomsbury,2021-10-26T07:00:00+00:00,6,16,22,µg/m³
Camden - Bloomsbury,2021-10-26T06:00:00+00:00,6,16,22,µg/m³
Camden - Bloomsbury,2021-10-26T05:00:00+00:00,6,17,23,µg/m³
Camden - Bloomsbury,2021-10-26T04:00:00+00:00,6,17,23,µg/m³
Camden - Bloomsbury,2021-10-26T03:00:00+00:00,6,18,24,µg/m³
Camden - Bloomsbury,2021-10-26T02:00:00+00:00,6,18,24,µg/m³
Camden - Bloomsbury,2021-10-26T01:00:00+00:00,9,16,25,µg/m³
Camden - Bloomsbury,2021-10-26T00:00:00+00:00,6,18,24,µg/m³
Camden - Bloomsbury,2021-10-25T23:00:00+00:00,6,19,25,µg/m³
Camden - Bloomsbury,2021-10-25T22:00:00+00:00,6,18,24,µg/m³
Camden - Bloomsbury,2021-10-25T21:00:00+00:00,6,19,25,µg/m³
Camden - Bloomsbury,2021-10-25T20:00:00+00:00,7,19,26,µg/m³
Camden - Bloomsbury,2021-10-25T19:00:00+00:00,7,19,26,µg/m³
Camden - Bloomsbury,2021-10-25T18:00:00+00:00,7,19,26,µg/m³
Camden - Bloomsbury,2021-10-25T17:00:00+00:00,7,20,27,µg/m³
Camden - Bloomsbury,2021-10-25T16:00:00+00:00,7,20,27,µg/m³
Camden - Bloomsbury,2021-10-25T15:00:00+00:00,7,20,27,µg/m³
Camden - Bloomsbury,2021-10-25T14:00:00+00:00,8,20,28,µg/m³
Camden - Bloomsbury,2021-10-25T13:00:00+00:00,8,20,28,µg/m³
Camden - Bloomsbury,2021-10-25T12:00:00+00:00,8,20,28,µg/m³
Camden - Bloomsbury,2021-10-25T11:00:00+00:00,8,20,28,µg/m³
Camden - Bloomsbury,2021-10-25T10:00:00+00:00,8,21,29,µg/m³
Camden - Bloomsbury,2021-10-25T09:00:00+00:00,8,20,28,µg/m³
Camden - Bloomsbury,2021-10-25T08:00:00+00:00,7,20,27,µg/m³
Camden - Bloomsbury,2021-10-25T07:00:00+00:00,7,19,26,µg/m³
Camden - Bloomsbury,2021-10-25T06:00:00+00:00,8,19,27,µg/m³
Camden - Bloomsbury,2021-10-25T05:00:00+00:00,8,19,27,µg/m³
Camden - Bloomsbury,2021-10-25T04:00:00+00:00,8,18,26,µg/m³
Camden - Bloomsbury,2021-10-25T03:00:00+00:00,8,18,26,µg/m³
Camden - Bloomsbury,2021-10-25T02:00:00+00:00,8,18,26,µg/m³
Camden - Bloomsbury,2021-10-25T01:00:00+00:00,9,13,22,µg/m³
Camden - Bloomsbury,2021-10-25T00:00:00+00:00,7,17,24,µg/m³
Camden - Bloomsbury,2021-10-24T23:00:00+00:00,7,17,24,µg/m³
Camden - Bloomsbury,2021-10-24T22:00:00+00:00,7,17,24,µg/m³
Camden - Bloomsbury,2021-10-24T21:00:00+00:00,7,17,24,µg/m³
Camden - Bloomsbury,2021-10-24T20:00:00+00:00,7,16,23,µg/m³
Camden - Bloomsbury,2021-10-24T19:00:00+00:00,7,16,23,µg/m³
Camden - Bloomsbury,2021-10-24T18:00:00+00:00,7,16,23,µg/m³
Camden - Bloomsbury,2021-10-24T17:00:00+00:00,7,16,23,µg/m³
Camden - Bloomsbury,2021-10-24T16:00:00+00:00,7,16,23,µg/m³
Camden - Bloomsbury,2021-10-24T15:00:00+00:00,7,15,22,µg/m³
Camden - Bloomsbury,2021-10-24T14:00:00+00:00,7,15,22,µg/m³
Camden - Bloomsbury,2021-10-24T13:00:00+00:00,7,15,22,µg/m³
Camden - Bloomsbury,2021-10-24T12:00:00+00:00,7,15,22,µg/m³
Camden - Bloomsbury,2021-10-24T11:00:00+00:00,7,15,22,µg/m³
Camden - Bloomsbury,2021-10-24T10:00:00+00:00,7,14,21,µg/m³
Camden - Bloomsbury,2021-10-24T09:00:00+00:00,7,14,21,µg/m³
Camden - Bloomsbury,2021-10-24T08:00:00+00:00,7,14,21,µg/m³
Camden - Bloomsbury,2021-10-24T07:00:00+00:00,7,14,21,µg/m³
Camden - Bloomsbury,2021-10-24T06:00:00+00:00,7,14,21,µg/m³
Camden - Bloomsbury,2021-10-24T05:00:00+00:00,7,14,21,µg/m³
Camden - Bloomsbury,2021-10-24T04:00:00+00:00,7,14,21,µg/m³
Camden - Bloomsbury,2021-10-24T03:00:00+00:00,7,14,21,µg/m³
Camden - Bloomsbury,2021-10-24T02:00:00+00:00,7,13,20,µg/m³
Camden - Bloomsbury,2021-10-24T01:00:00+00:00,6,12,18,µg/m³
Camden - Bloomsbury,2021-10-24T00:00:00+00:00,7,13,20,µg/m³
Camden - Bloomsbury,2021-10-23T23:00:00+00:00,7,13,20,µg/m³
Camden - Bloomsbury,2021-10-23T22:00:00+00:00,7,13,20,µg/m³
Camden - Bloomsbury,2021-10-23T21:00:00+00:00,7,13,20,µg/m³
Camden - Bloomsbury,2021-10-23T20:00:00+00:00,7,13,20,µg/m³
Camden - Bloomsbury,2021-10-23T19:00:00+00:00,7,13,20,µg/m³
Camden - Bloomsbury,2021-10-23T18:00:00+00:00,7,13,20,µg/m³
Camden - Bloomsbury,2021-10-23T17:00:00+00:00,6,13,19,µg/m³
Camden - Bloomsbury,2021-10-23T16:00:00+00:00,6,13,19,µg/m³
Camden - Bloomsbury,2021-10-23T15:00:00+00:00,6,13,19,µg/m³
Camden - Bloomsbury,2021-10-23T14:00:00+00:00,6,13,19,µg/m³
Camden - Bloomsbury,2021-10-23T13:00:00+00:00,6,13,19,µg/m³
Camden - Bloomsbury,2021-10-23T12:00:00+00:00,6,13,19,µg/m³
Camden - Bloomsbury,2021-10-23T11:00:00+00:00,6,12,18,µg/m³
Camden - Bloomsbury,2021-10-23T10:00:00+00:00,7,13,20,µg/m³
Camden - Bloomsbury,2021-10-23T09:00:00+00:00,7,13,20,µg/m³
Camden - Bloomsbury,2021-10-23T08:00:00+00:00,7,13,20,µg/m³
Camden - Bloomsbury,2021-10-23T07:00:00+00:00,7,13,20,µg/m³
Camden - Bloomsbury,2021-10-23T06:00:00+00:00,7,13,20,µg/m³
Camden - Bloomsbury,2021-10-23T05:00:00+00:00,7,13,20,µg/m³
Camden - Bloomsbury,2021-10-23T04:00:00+00:00,7,13,20,µg/m³
Camden - Bloomsbury,2021-10-23T03:00:00+00:00,7,13,20,µg/m³
Camden - Bloomsbury,2021-10-23T02:00:00+00:00,6,13,19,µg/m³
Camden - Bloomsbury,2021-10-23T01:00:00+00:00,5,12,17,µg/m³
Camden - Bloomsbury,2021-10-23T00:00:00+00:00,7,14,21,µg/m³
Camden - Bloomsbury,2021-10-22T23:00:00+00:00,7,14,21,µg/m³
Camden - Bloomsbury,2021-10-22T22:00:00+00:00,7,14,21,µg/m³
Camden - Bloomsbury,2021-10-22T21:00:00+00:00,7,14,21,µg/m³
Camden - Bloomsbury,2021-10-22T20:00:00+00:00,7,15,22,µg/m³
Camden - Bloomsbury,2021-10-22T19:00:00+00:00,7,15,22,µg/m³
Camden - Bloomsbury,2021-10-22T18:00:00+00:00,8,15,23,µg/m³
Camden - Bloomsbury,2021-10-22T17:00:00+00:00,8,15,23,µg/m³
Camden - Bloomsbury,2021-10-22T16:00:00+00:00,8,16,24,µg/m³
Camden - Bloomsbury,2021-10-22T15:00:00+00:00,8,16,24,µg/m³
Camden - Bloomsbury,2021-10-22T14:00:00+00:00,8,16,24,µg/m³
Camden - Bloomsbury,2021-10-22T13:00:00+00:00,8,16,24,µg/m³
Camden - Bloomsbury,2021-10-22T12:00:00+00:00,8,16,24,µg/m³
Camden - Bloomsbury,2021-10-22T11:00:00+00:00,8,16,24,µg/m³
Camden - Bloomsbury,2021-10-22T10:00:00+00:00,8,16,24,µg/m³
Camden - Bloomsbury,2021-10-22T09:00:00+00:00,8,15,23,µg/m³
Camden - Bloomsbury,2021-10-22T08:00:00+00:00,8,15,23,µg/m³
Camden - Bloomsbury,2021-10-22T07:00:00+00:00,8,16,24,µg/m³
Camden - Bloomsbury,2021-10-22T06:00:00+00:00,8,16,24,µg/m³
Camden - Bloomsbury,2021-10-22T05:00:00+00:00,9,15,24,µg/m³
Camden - Bloomsbury,2021-10-22T04:00:00+00:00,9,15,24,µg/m³
Camden - Bloomsbury,2021-10-22T03:00:00+00:00,9,15,24,µg/m³
Camden - Bloomsbury,2021-10-22T02:00:00+00:00,9,15,24,µg/m³
Camden - Bloomsbury,2021-10-22T01:00:00+00:00,6,11,17,µg/m³
Camden - Bloomsbury,2021-10-22T00:00:00+00:00,9,15,24,µg/m³
Camden - Bloomsbury,2021-10-21T23:00:00+00:00,9,15,24,µg/m³
Camden - Bloomsbury,2021-10-21T22:00:00+00:00,9,14,23,µg/m³
Camden - Bloomsbury,2021-10-21T21:00:00+00:00,9,14,23,µg/m³
Camden - Bloomsbury,2021-10-21T20:00:00+00:00,9,14,23,µg/m³
Camden - Bloomsbury,2021-10-21T19:00:00+00:00,9,14,23,µg/m³
Camden - Bloomsbury,2021-10-21T18:00:00+00:00,8,14,22,µg/m³
Camden - Bloomsbury,2021-10-21T17:00:00+00:00,9,14,23,µg/m³
Camden - Bloomsbury,2021-10-21T16:00:00+00:00,9,14,23,µg/m³
Camden - Bloomsbury,2021-10-21T15:00:00+00:00,9,14,23,µg/m³
Camden - Bloomsbury,2021-10-21T14:00:00+00:00,9,14,23,µg/m³
Camden - Bloomsbury,2021-10-21T13:00:00+00:00,9,14,23,µg/m³
Camden - Bloomsbury,2021-10-21T12:00:00+00:00,9,14,23,µg/m³
Camden - Bloomsbury,2021-10-21T11:00:00+00:00,10,15,25,µg/m³
Camden - Bloomsbury,2021-10-21T10:00:00+00:00,10,15,25,µg/m³
Camden - Bloomsbury,2021-10-21T09:00:00+00:00,10,15,25,µg/m³
Camden - Bloomsbury,2021-10-21T08:00:00+00:00,10,15,25,µg/m³
Camden - Bloomsbury,2021-10-21T07:00:00+00:00,10,15,25,µg/m³
Camden - Bloomsbury,2021-10-21T06:00:00+00:00,9,15,24,µg/m³
Camden - Bloomsbury,2021-10-21T05:00:00+00:00,9,15,24,µg/m³
Camden - Bloomsbury,2021-10-21T04:00:00+00:00,9,15,24,µg/m³
Camden - Bloomsbury,2021-10-21T03:00:00+00:00,9,15,24,µg/m³
Camden - Bloomsbury,2021-10-21T02:00:00+00:00,9,14,23,µg/m³
Camden - Bloomsbury,2021-10-21T01:00:00+00:00,7,17,24,µg/m³
Camden - Bloomsbury,2021-10-21T00:00:00+00:00,10,15,25,µg/m³
Camden - Bloomsbury,2021-10-20T23:00:00+00:00,11,17,28,µg/m³
Camden - Bloomsbury,2021-10-20T22:00:00+00:00,12,18,30,µg/m³
Camden - Bloomsbury,2021-10-20T21:00:00+00:00,12,19,31,µg/m³
Camden - Bloomsbury,2021-10-20T20:00:00+00:00,13,20,33,µg/m³
Camden - Bloomsbury,2021-10-20T19:00:00+00:00,14,21,35,µg/m³
Camden - Bloomsbury,2021-10-20T18:00:00+00:00,15,21,36,µg/m³
Camden - Bloomsbury,2021-10-20T17:00:00+00:00,16,22,38,µg/m³
Camden - Bloomsbury,2021-10-20T16:00:00+00:00,16,23,39,µg/m³
Camden - Bloomsbury,2021-10-20T15:00:00+00:00,17,23,40,µg/m³
Camden - Bloomsbury,2021-10-20T14:00:00+00:00,17,24,41,µg/m³
Camden - Bloomsbury,2021-10-20T13:00:00+00:00,18,25,43,µg/m³
Camden - Bloomsbury,2021-10-20T12:00:00+00:00,18,25,43,µg/m³
Camden - Bloomsbury,2021-10-20T11:00:00+00:00,19,26,45,µg/m³
Camden - Bloomsbury,2021-10-20T10:00:00+00:00,20,26,46,µg/m³
Camden - Bloomsbury,2021-10-20T09:00:00+00:00,20,27,47,µg/m³
Camden - Bloomsbury,2021-10-20T08:00:00+00:00,21,28,49,µg/m³
Camden - Bloomsbury,2021-10-20T07:00:00+00:00,21,28,49,µg/m³
Camden - Bloomsbury,2021-10-20T06:00:00+00:00,21,28,49,µg/m³
Camden - Bloomsbury,2021-10-20T05:00:00+00:00,21,29,50,µg/m³
Camden - Bloomsbury,2021-10-20T04:00:00+00:00,20,28,48,µg/m³
Camden - Bloomsbury,2021-10-20T03:00:00+00:00,21,29,50,µg/m³
Camden - Bloomsbury,2021-10-20T02:00:00+00:00,20,28,48,µg/m³
Camden - Bloomsbury,2021-10-20T01:00:00+00:00,11,15,26,µg/m³
Camden - Bloomsbury,2021-10-20T00:00:00+00:00,20,26,46,µg/m³
Camden - Bloomsbury,2021-10-19T23:00:00+00:00,18,24,42,µg/m³
Camden - Bloomsbury,2021-10-19T22:00:00+00:00,18,24,42,µg/m³
Camden - Bloomsbury,2021-10-19T21:00:00+00:00,17,23,40,µg/m³
Camden - Bloomsbury,2021-10-19T20:00:00+00:00,16,21,37,µg/m³
Camden - Bloomsbury,2021-10-19T19:00:00+00:00,15,20,35,µg/m³
Camden - Bloomsbury,2021-10-19T18:00:00+00:00,15,19,34,µg/m³
Camden - Bloomsbury,2021-10-19T17:00:00+00:00,14,18,32,µg/m³
Camden - Bloomsbury,2021-10-19T16:00:00+00:00,14,17,31,µg/m³
Camden - Bloomsbury,2021-10-19T15:00:00+00:00,12,16,28,µg/m³
Camden - Bloomsbury,2021-10-19T14:00:00+00:00,13,17,30,µg/m³
Camden - Bloomsbury,2021-10-19T13:00:00+00:00,12,16,28,µg/m³
Camden - Bloomsbury,2021-10-19T12:00:00+00:00,12,16,28,µg/m³
Camden - Bloomsbury,2021-10-19T11:00:00+00:00,11,15,26,µg/m³
Camden - Bloomsbury,2021-10-19T10:00:00+00:00,11,15,26,µg/m³
Camden - Bloomsbury,2021-10-19T09:00:00+00:00,11,14,25,µg/m³
Camden - Bloomsbury,2021-10-19T08:00:00+00:00,19,30,49,µg/m³
Camden - Bloomsbury,2021-10-19T07:00:00+00:00,12,16,28,µg/m³
Camden - Bloomsbury,2021-10-19T06:00:00+00:00,13,16,29,µg/m³
Camden - Bloomsbury,2021-10-19T05:00:00+00:00,13,17,30,µg/m³
Camden - Bloomsbury,2021-10-19T04:00:00+00:00,13,17,30,µg/m³
Camden - Bloomsbury,2021-10-19T03:00:00+00:00,14,18,32,µg/m³
Camden - Bloomsbury,2021-10-19T02:00:00+00:00,14,18,32,µg/m³
Camden - Bloomsbury,2021-10-19T01:00:00+00:00,8,6,14,µg/m³
Camden - Bloomsbury,2021-10-19T00:00:00+00:00,15,19,34,µg/m³
Camden - Bloomsbury,2021-10-18T23:00:00+00:00,15,20,35,µg/m³
Camden - Bloomsbury,2021-10-18T22:00:00+00:00,15,20,35,µg/m³
Camden - Bloomsbury,2021-10-18T21:00:00+00:00,16,21,37,µg/m³
Camden - Bloomsbury,2021-10-18T20:00:00+00:00,15,21,36,µg/m³
Camden - Bloomsbury,2021-10-18T19:00:00+00:00,15,21,36,µg/m³
Camden - Bloomsbury,2021-10-18T18:00:00+00:00,16,22,38,µg/m³
Camden - Bloomsbury,2021-10-18T17:00:00+00:00,16,22,38,µg/m³
Camden - Bloomsbury,2021-10-18T16:00:00+00:00,16,22,38,µg/m³
Camden - Bloomsbury,2021-10-18T15:00:00+00:00,16,22,38,µg/m³
Camden - Bloomsbury,2021-10-18T14:00:00+00:00,15,22,37,µg/m³
Camden - Bloomsbury,2021-10-18T13:00:00+00:00,15,21,36,µg/m³
Camden - Bloomsbury,2021-10-18T12:00:00+00:00,15,21,36,µg/m³
Camden - Bloomsbury,2021-10-18T11:00:00+00:00,15,21,36,µg/m³
Camden - Bloomsbury,2021-10-18T10:00:00+00:00,15,21,36,µg/m³
Camden - Bloomsbury,2021-10-18T09:00:00+00:00,14,20,34,µg/m³
Camden - Bloomsbury,2021-10-18T08:00:00+00:00,14,20,34,µg/m³
Camden - Bloomsbury,2021-10-18T07:00:00+00:00,13,20,33,µg/m³
Camden - Bloomsbury,2021-10-18T06:00:00+00:00,13,19,32,µg/m³
Camden - Bloomsbury,2021-10-18T05:00:00+00:00,13,20,33,µg/m³
Camden - Bloomsbury,2021-10-18T04:00:00+00:00,13,20,33,µg/m³
Camden - Bloomsbury,2021-10-18T03:00:00+00:00,13,20,33,µg/m³
Camden - Bloomsbury,2021-10-18T02:00:00+00:00,13,20,33,µg/m³
Camden - Bloomsbury,2021-10-18T01:00:00+00:00,18,30,48,µg/m³
Camden - Bloomsbury,2021-10-18T00:00:00+00:00,13,20,33,µg/m³
Camden - Bloomsbury,2021-10-17T23:00:00+00:00,13,20,33,µg/m³
Camden - Bloomsbury,2021-10-17T22:00:00+00:00,14,21,35,µg/m³
Camden - Bloomsbury,2021-10-17T21:00:00+00:00,14,21,35,µg/m³
Camden - Bloomsbury,2021-10-17T20:00:00+00:00,15,21,36,µg/m³
Camden - Bloomsbury,2021-10-17T19:00:00+00:00,15,21,36,µg/m³
Camden - Bloomsbury,2021-10-17T18:00:00+00:00,14,21,35,µg/m³
Camden - Bloomsbury,2021-10-17T17:00:00+00:00,14,21,35,µg/m³
Camden - Bloomsbury,2021-10-17T16:00:00+00:00,15,21,36,µg/m³
Camden - Bloomsbury,2021-10-17T15:00:00+00:00,15,21,36,µg/m³
Camden - Bloomsbury,2021-10-17T14:00:00+00:00,15,22,37,µg/m³
Camden - Bloomsbury,2021-10-17T13:00:00+00:00,15,22,37,µg/m³
Camden - Bloomsbury,2021-10-17T12:00:00+00:00,16,22,38,µg/m³
Camden - Bloomsbury,2021-10-17T11:00:00+00:00,16,23,39,µg/m³
Camden - Bloomsbury,2021-10-17T10:00:00+00:00,17,23,40,µg/m³
Camden - Bloomsbury,2021-10-17T09:00:00+00:00,17,23,40,µg/m³
Camden - Bloomsbury,2021-10-17T08:00:00+00:00,17,24,41,µg/m³
Camden - Bloomsbury,2021-10-17T07:00:00+00:00,17,24,41,µg/m³
Camden - Bloomsbury,2021-10-17T06:00:00+00:00,17,24,41,µg/m³
Camden - Bloomsbury,2021-10-17T05:00:00+00:00,17,25,42,µg/m³
Camden - Bloomsbury,2021-10-17T04:00:00+00:00,17,25,42,µg/m³
Camden - Bloomsbury,2021-10-17T03:00:00+00:00,17,25,42,µg/m³
Camden - Bloomsbury,2021-10-17T02:00:00+00:00,17,25,42,µg/m³
Camden - Bloomsbury,2021-10-17T01:00:00+00:00,19,26,45,µg/m³
Camden - Bloomsbury,2021-10-17T00:00:00+00:00,17,25,42,µg/m³
Camden - Bloomsbury,2021-10-16T23:00:00+00:00,17,26,43,µg/m³
Camden - Bloomsbury,2021-10-16T22:00:00+00:00,17,26,43,µg/m³
Camden - Bloomsbury,2021-10-16T21:00:00+00:00,17,26,43,µg/m³
Camden - Bloomsbury,2021-10-16T20:00:00+00:00,17,26,43,µg/m³
Camden - Bloomsbury,2021-10-16T19:00:00+00:00,17,26,43,µg/m³
Camden - Bloomsbury,2021-10-16T18:00:00+00:00,18,26,44,µg/m³
Camden - Bloomsbury,2021-10-16T17:00:00+00:00,17,27,44,µg/m³
Camden - Bloomsbury,2021-10-16T16:00:00+00:00,18,26,44,µg/m³
Camden - Bloomsbury,2021-10-16T15:00:00+00:00,17,26,43,µg/m³
Camden - Bloomsbury,2021-10-16T14:00:00+00:00,17,26,43,µg/m³
Camden - Bloomsbury,2021-10-16T13:00:00+00:00,16,26,42,µg/m³
Camden - Bloomsbury,2021-10-16T12:00:00+00:00,16,26,42,µg/m³
Camden - Bloomsbury,2021-10-16T11:00:00+00:00,15,25,40,µg/m³
Camden - Bloomsbury,2021-10-16T10:00:00+00:00,15,25,40,µg/m³
Camden - Bloomsbury,2021-10-16T09:00:00+00:00,15,24,39,µg/m³
Camden - Bloomsbury,2021-10-16T08:00:00+00:00,15,24,39,µg/m³
Camden - Bloomsbury,2021-10-16T07:00:00+00:00,14,23,37,µg/m³
Camden - Bloomsbury,2021-10-16T06:00:00+00:00,14,23,37,µg/m³
Camden - Bloomsbury,2021-10-16T05:00:00+00:00,14,23,37,µg/m³
Camden - Bloomsbury,2021-10-16T04:00:00+00:00,14,23,37,µg/m³
Camden - Bloomsbury,2021-10-16T03:00:00+00:00,14,23,37,µg/m³
Camden - Bloomsbury,2021-10-16T02:00:00+00:00,14,23,37,µg/m³
Camden - Bloomsbury,2021-10-16T01:00:00+00:00,19,34,53,µg/m³
Camden - Bloomsbury,2021-10-16T00:00:00+00:00,13,21,34,µg/m³
Camden - Bloomsbury,2021-10-15T23:00:00+00:00,12,20,32,µg/m³
Camden - Bloomsbury,2021-10-15T22:00:00+00:00,12,20,32,µg/m³
Camden - Bloomsbury,2021-10-15T21:00:00+00:00,12,19,31,µg/m³
Camden - Bloomsbury,2021-10-15T20:00:00+00:00,11,19,30,µg/m³
Camden - Bloomsbury,2021-10-15T19:00:00+00:00,11,18,29,µg/m³
Camden - Bloomsbury,2021-10-15T18:00:00+00:00,11,18,29,µg/m³
Camden - Bloomsbury,2021-10-15T17:00:00+00:00,10,18,28,µg/m³
Camden - Bloomsbury,2021-10-15T16:00:00+00:00,10,18,28,µg/m³
Camden - Bloomsbury,2021-10-15T15:00:00+00:00,11,17,28,µg/m³
Camden - Bloomsbury,2021-10-15T14:00:00+00:00,10,18,28,µg/m³
Camden - Bloomsbury,2021-10-15T13:00:00+00:00,10,17,27,µg/m³
Camden - Bloomsbury,2021-10-15T12:00:00+00:00,10,17,27,µg/m³
Camden - Bloomsbury,2021-10-15T11:00:00+00:00,10,17,27,µg/m³
Camden - Bloomsbury,2021-10-15T10:00:00+00:00,10,17,27,µg/m³
Camden - Bloomsbury,2021-10-15T09:00:00+00:00,10,17,27,µg/m³
Camden - Bloomsbury,2021-10-15T08:00:00+00:00,10,17,27,µg/m³
Camden - Bloomsbury,2021-10-15T07:00:00+00:00,10,17,27,µg/m³
Camden - Bloomsbury,2021-10-15T06:00:00+00:00,13,21,34,µg/m³
Camden - Bloomsbury,2021-10-15T05:00:00+00:00,10,17,27,µg/m³
Camden - Bloomsbury,2021-10-15T04:00:00+00:00,11,17,28,µg/m³
Camden - Bloomsbury,2021-10-15T03:00:00+00:00,10,17,27,µg/m³
Camden - Bloomsbury,2021-10-15T02:00:00+00:00,10,17,27,µg/m³
Camden - Bloomsbury,2021-10-15T01:00:00+00:00,9,16,25,µg/m³
Camden - Bloomsbury,2021-10-15T00:00:00+00:00,11,17,28,µg/m³
Camden - Bloomsbury,2021-10-14T23:00:00+00:00,10,18,28,µg/m³
Camden - Bloomsbury,2021-10-14T22:00:00+00:00,11,18,29,µg/m³
Camden - Bloomsbury,2021-10-14T21:00:00+00:00,11,18,29,µg/m³
Camden - Bloomsbury,2021-10-14T20:00:00+00:00,11,18,29,µg/m³
Camden - Bloomsbury,2021-10-14T19:00:00+00:00,11,18,29,µg/m³
Camden - Bloomsbury,2021-10-14T18:00:00+00:00,11,18,29,µg/m³
Camden - Bloomsbury,2021-10-14T17:00:00+00:00,12,18,30,µg/m³
Camden - Bloomsbury,2021-10-14T16:00:00+00:00,11,18,29,µg/m³
Camden - Bloomsbury,2021-10-14T15:00:00+00:00,12,18,30,µg/m³
Camden - Bloomsbury,2021-10-14T14:00:00+00:00,11,18,29,µg/m³
Camden - Bloomsbury,2021-10-14T13:00:00+00:00,12,18,30,µg/m³
Camden - Bloomsbury,2021-10-14T12:00:00+00:00,12,18,30,µg/m³
Camden - Bloomsbury,2021-10-14T11:00:00+00:00,12,19,31,µg/m³
Camden - Bloomsbury,2021-10-14T10:00:00+00:00,12,19,31,µg/m³
Camden - Bloomsbury,2021-10-14T09:00:00+00:00,12,19,31,µg/m³
Camden - Bloomsbury,2021-10-14T08:00:00+00:00,12,19,31,µg/m³
Camden - Bloomsbury,2021-10-14T07:00:00+00:00,12,19,31,µg/m³
Camden - Bloomsbury,2021-10-14T06:00:00+00:00,11,19,30,µg/m³
Camden - Bloomsbury,2021-10-14T05:00:00+00:00,11,19,30,µg/m³
Camden - Bloomsbury,2021-10-14T04:00:00+00:00,11,19,30,µg/m³
Camden - Bloomsbury,2021-10-14T03:00:00+00:00,10,18,28,µg/m³
Camden - Bloomsbury,2021-10-14T02:00:00+00:00,10,18,28,µg/m³
Camden - Bloomsbury,2021-10-14T01:00:00+00:00,14,17,31,µg/m³
Camden - Bloomsbury,2021-10-14T00:00:00+00:00,9,17,26,µg/m³
Camden - Bloomsbury,2021-10-13T23:00:00+00:00,9,17,26,µg/m³
Camden - Bloomsbury,2021-10-13T22:00:00+00:00,9,16,25,µg/m³
Camden - Bloomsbury,2021-10-13T21:00:00+00:00,8,16,24,µg/m³
Camden - Bloomsbury,2021-10-13T20:00:00+00:00,8,16,24,µg/m³
Camden - Bloomsbury,2021-10-13T19:00:00+00:00,8,16,24,µg/m³
Camden - Bloomsbury,2021-10-13T18:00:00+00:00,8,15,23,µg/m³
Camden - Bloomsbury,2021-10-13T17:00:00+00:00,8,15,23,µg/m³
Camden - Bloomsbury,2021-10-13T16:00:00+00:00,8,15,23,µg/m³
Camden - Bloomsbury,2021-10-13T15:00:00+00:00,9,15,24,µg/m³
Camden - Bloomsbury,2021-10-13T14:00:00+00:00,9,15,24,µg/m³
Camden - Bloomsbury,2021-10-13T13:00:00+00:00,9,14,23,µg/m³
Camden - Bloomsbury,2021-10-13T12:00:00+00:00,9,15,24,µg/m³
Camden - Bloomsbury,2021-10-13T11:00:00+00:00,9,14,23,µg/m³
Camden - Bloomsbury,2021-10-13T10:00:00+00:00,9,14,23,µg/m³
Camden - Bloomsbury,2021-10-13T09:00:00+00:00,9,14,23,µg/m³
Camden - Bloomsbury,2021-10-13T08:00:00+00:00,9,14,23,µg/m³
Camden - Bloomsbury,2021-10-13T07:00:00+00:00,9,15,24,µg/m³
Camden - Bloomsbury,2021-10-13T06:00:00+00:00,9,15,24,µg/m³
Camden - Bloomsbury,2021-10-13T05:00:00+00:00,10,16,26,µg/m³
Camden - Bloomsbury,2021-10-13T04:00:00+00:00,10,16,26,µg/m³
Camden - Bloomsbury,2021-10-13T03:00:00+00:00,10,16,26,µg/m³
Camden - Bloomsbury,2021-10-13T02:00:00+00:00,10,16,26,µg/m³
Camden - Bloomsbury,2021-10-13T01:00:00+00:00,4,13,17,µg/m³
Camden - Bloomsbury,2021-10-13T00:00:00+00:00,11,17,28,µg/m³
Camden - Bloomsbury,2021-10-12T23:00:00+00:00,11,18,29,µg/m³
Camden - Bloomsbury,2021-10-12T22:00:00+00:00,11,19,30,µg/m³
Camden - Bloomsbury,2021-10-12T21:00:00+00:00,12,20,32,µg/m³
Camden - Bloomsbury,2021-10-12T20:00:00+00:00,12,20,32,µg/m³
Camden - Bloomsbury,2021-10-12T19:00:00+00:00,12,20,32,µg/m³
Camden - Bloomsbury,2021-10-12T18:00:00+00:00,12,21,33,µg/m³
Camden - Bloomsbury,2021-10-12T17:00:00+00:00,12,22,34,µg/m³
Camden - Bloomsbury,2021-10-12T16:00:00+00:00,12,22,34,µg/m³
Camden - Bloomsbury,2021-10-12T15:00:00+00:00,11,22,33,µg/m³
Camden - Bloomsbury,2021-10-12T14:00:00+00:00,11,22,33,µg/m³
Camden - Bloomsbury,2021-10-12T13:00:00+00:00,11,23,34,µg/m³
Camden - Bloomsbury,2021-10-12T12:00:00+00:00,11,22,33,µg/m³
Camden - Bloomsbury,2021-10-12T11:00:00+00:00,12,22,34,µg/m³
Camden - Bloomsbury,2021-10-12T10:00:00+00:00,11,22,33,µg/m³
Camden - Bloomsbury,2021-10-12T09:00:00+00:00,11,22,33,µg/m³
Camden - Bloomsbury,2021-10-12T08:00:00+00:00,11,22,33,µg/m³
Camden - Bloomsbury,2021-10-12T07:00:00+00:00,11,22,33,µg/m³
Camden - Bloomsbury,2021-10-12T06:00:00+00:00,11,22,33,µg/m³
Camden - Bloomsbury,2021-10-12T05:00:00+00:00,11,22,33,µg/m³
Camden - Bloomsbury,2021-10-12T04:00:00+00:00,11,21,32,µg/m³
Camden - Bloomsbury,2021-10-12T03:00:00+00:00,10,21,31,µg/m³
Camden - Bloomsbury,2021-10-12T02:00:00+00:00,10,21,31,µg/m³
Camden - Bloomsbury,2021-10-12T01:00:00+00:00,12,27,39,µg/m³
Camden - Bloomsbury,2021-10-12T00:00:00+00:00,10,20,30,µg/m³
Camden - Bloomsbury,2021-10-11T23:00:00+00:00,9,19,28,µg/m³
Camden - Bloomsbury,2021-10-11T22:00:00+00:00,9,19,28,µg/m³
Camden - Bloomsbury,2021-10-11T21:00:00+00:00,9,19,28,µg/m³
Camden - Bloomsbury,2021-10-11T20:00:00+00:00,8,18,26,µg/m³
Camden - Bloomsbury,2021-10-11T19:00:00+00:00,8,18,26,µg/m³
Camden - Bloomsbury,2021-10-11T18:00:00+00:00,8,18,26,µg/m³
Camden - Bloomsbury,2021-10-11T17:00:00+00:00,8,17,25,µg/m³
Camden - Bloomsbury,2021-10-11T16:00:00+00:00,8,17,25,µg/m³
Camden - Bloomsbury,2021-10-11T15:00:00+00:00,8,17,25,µg/m³
Camden - Bloomsbury,2021-10-11T14:00:00+00:00,8,17,25,µg/m³
Camden - Bloomsbury,2021-10-11T13:00:00+00:00,8,16,24,µg/m³
Camden - Bloomsbury,2021-10-11T12:00:00+00:00,8,16,24,µg/m³
Camden - Bloomsbury,2021-10-11T11:00:00+00:00,7,16,23,µg/m³
Camden - Bloomsbury,2021-10-11T10:00:00+00:00,8,16,24,µg/m³
Camden - Bloomsbury,2021-10-11T09:00:00+00:00,8,16,24,µg/m³
Camden - Bloomsbury,2021-10-11T08:00:00+00:00,9,17,26,µg/m³
Camden - Bloomsbury,2021-10-11T07:00:00+00:00,10,18,28,µg/m³
Camden - Bloomsbury,2021-10-11T06:00:00+00:00,11,18,29,µg/m³
Camden - Bloomsbury,2021-10-11T05:00:00+00:00,12,20,32,µg/m³
Camden - Bloomsbury,2021-10-11T04:00:00+00:00,13,20,33,µg/m³
Camden - Bloomsbury,2021-10-11T03:00:00+00:00,15,21,36,µg/m³
Camden - Bloomsbury,2021-10-11T02:00:00+00:00,16,22,38,µg/m³
Camden - Bloomsbury,2021-10-11T01:00:00+00:00,6,10,16,µg/m³
Camden - Bloomsbury,2021-10-11T00:00:00+00:00,18,24,42,µg/m³
Camden - Bloomsbury,2021-10-10T23:00:00+00:00,20,26,46,µg/m³
Camden - Bloomsbury,2021-10-10T22:00:00+00:00,21,27,48,µg/m³
Camden - Bloomsbury,2021-10-10T21:00:00+00:00,23,29,52,µg/m³
Camden - Bloomsbury,2021-10-10T20:00:00+00:00,24,30,54,µg/m³
Camden - Bloomsbury,2021-10-10T19:00:00+00:00,26,31,57,µg/m³
Camden - Bloomsbury,2021-10-10T18:00:00+00:00,27,32,59,µg/m³
Camden - Bloomsbury,2021-10-10T17:00:00+00:00,28,33,61,µg/m³
Camden - Bloomsbury,2021-10-10T16:00:00+00:00,28,33,61,µg/m³
Camden - Bloomsbury,2021-10-10T15:00:00+00:00,30,35,65,µg/m³
Camden - Bloomsbury,2021-10-10T14:00:00+00:00,30,35,65,µg/m³
Camden - Bloomsbury,2021-10-10T13:00:00+00:00,31,37,68,µg/m³
Camden - Bloomsbury,2021-10-10T12:00:00+00:00,31,37,68,µg/m³
Camden - Bloomsbury,2021-10-10T11:00:00+00:00,32,38,70,µg/m³
Camden - Bloomsbury,2021-10-10T10:00:00+00:00,34,39,73,µg/m³
Camden - Bloomsbury,2021-10-10T09:00:00+00:00,35,40,75,µg/m³
Camden - Bloomsbury,2021-10-10T08:00:00+00:00,35,40,75,µg/m³
Camden - Bloomsbury,2021-10-10T07:00:00+00:00,35,40,75,µg/m³
Camden - Bloomsbury,2021-10-10T06:00:00+00:00,34,39,73,µg/m³
Camden - Bloomsbury,2021-10-10T05:00:00+00:00,34,39,73,µg/m³
Camden - Bloomsbury,2021-10-10T04:00:00+00:00,34,39,73,µg/m³
Camden - Bloomsbury,2021-10-10T03:00:00+00:00,33,39,72,µg/m³
Camden - Bloomsbury,2021-10-10T02:00:00+00:00,33,39,72,µg/m³
Camden - Bloomsbury,2021-10-10T01:00:00+00:00,39,40,79,µg/m³
Camden - Bloomsbury,2021-10-10T00:00:00+00:00,33,40,73,µg/m³
Camden - Bloomsbury,2021-10-09T23:00:00+00:00,32,39,71,µg/m³
Camden - Bloomsbury,2021-10-09T22:00:00+00:00,32,39,71,µg/m³
Camden - Bloomsbury,2021-10-09T21:00:00+00:00,32,39,71,µg/m³
Camden - Bloomsbury,2021-10-09T20:00:00+00:00,31,38,69,µg/m³
Camden - Bloomsbury,2021-10-09T19:00:00+00:00,30,37,67,µg/m³
Camden - Bloomsbury,2021-10-09T18:00:00+00:00,29,36,65,µg/m³
Camden - Bloomsbury,2021-10-09T17:00:00+00:00,28,35,63,µg/m³
Camden - Bloomsbury,2021-10-09T16:00:00+00:00,27,35,62,µg/m³
Camden - Bloomsbury,2021-10-09T15:00:00+00:00,27,34,61,µg/m³
Camden - Bloomsbury,2021-10-09T14:00:00+00:00,26,34,60,µg/m³
Camden - Bloomsbury,2021-10-09T13:00:00+00:00,23,32,55,µg/m³
Camden - Bloomsbury,2021-10-09T12:00:00+00:00,23,31,54,µg/m³
Camden - Bloomsbury,2021-10-09T11:00:00+00:00,22,30,52,µg/m³
Camden - Bloomsbury,2021-10-09T10:00:00+00:00,21,29,50,µg/m³
Camden - Bloomsbury,2021-10-09T09:00:00+00:00,19,28,47,µg/m³
Camden - Bloomsbury,2021-10-09T08:00:00+00:00,18,27,45,µg/m³
Camden - Bloomsbury,2021-10-09T07:00:00+00:00,17,26,43,µg/m³
Camden - Bloomsbury,2021-10-09T06:00:00+00:00,16,26,42,µg/m³
Camden - Bloomsbury,2021-10-09T05:00:00+00:00,14,24,38,µg/m³
Camden - Bloomsbury,2021-10-09T04:00:00+00:00,14,23,37,µg/m³
Camden - Bloomsbury,2021-10-09T03:00:00+00:00,12,21,33,µg/m³
Camden - Bloomsbury,2021-10-09T02:00:00+00:00,12,21,33,µg/m³
Camden - Bloomsbury,2021-10-09T01:00:00+00:00,35,49,84,µg/m³
Camden - Bloomsbury,2021-10-09T00:00:00+00:00,10,18,28,µg/m³
Camden - Bloomsbury,2021-10-08T23:00:00+00:00,7,16,23,µg/m³
Camden - Bloomsbury,2021-10-08T22:00:00+00:00,7,16,23,µg/m³
Camden - Bloomsbury,2021-10-08T21:00:00+00:00,6,14,20,µg/m³
Camden - Bloomsbury,2021-10-08T20:00:00+00:00,6,14,20,µg/m³
Camden - Bloomsbury,2021-10-08T19:00:00+00:00,6,14,20,µg/m³
Camden - Bloomsbury,2021-10-08T18:00:00+00:00,6,14,20,µg/m³
Camden - Bloomsbury,2021-10-08T17:00:00+00:00,6,13,19,µg/m³
Camden - Bloomsbury,2021-10-08T16:00:00+00:00,6,13,19,µg/m³
Camden - Bloomsbury,2021-10-08T15:00:00+00:00,6,13,19,µg/m³
Camden - Bloomsbury,2021-10-08T14:00:00+00:00,6,13,19,µg/m³
Camden - Bloomsbury,2021-10-08T13:00:00+00:00,6,13,19,µg/m³
Camden - Bloomsbury,2021-10-08T12:00:00+00:00,7,14,21,µg/m³
Camden - Bloomsbury,2021-10-08T11:00:00+00:00,7,14,21,µg/m³
Camden - Bloomsbury,2021-10-08T10:00:00+00:00,7,14,21,µg/m³
Camden - Bloomsbury,2021-10-08T09:00:00+00:00,7,15,22,µg/m³
Camden - Bloomsbury,2021-10-08T08:00:00+00:00,7,15,22,µg/m³
Camden - Bloomsbury,2021-10-08T07:00:00+00:00,8,16,24,µg/m³
Camden - Bloomsbury,2021-10-08T06:00:00+00:00,8,16,24,µg/m³
Camden - Bloomsbury,2021-10-08T05:00:00+00:00,8,17,25,µg/m³
Camden - Bloomsbury,2021-10-08T04:00:00+00:00,8,17,25,µg/m³
Camden - Bloomsbury,2021-10-08T03:00:00+00:00,8,18,26,µg/m³
Camden - Bloomsbury,2021-10-08T02:00:00+00:00,9,18,27,µg/m³
Camden - Bloomsbury,2021-10-08T01:00:00+00:00,5,13,18,µg/m³
Camden - Bloomsbury,2021-10-08T00:00:00+00:00,9,18,27,µg/m³
Camden - Bloomsbury,2021-10-07T23:00:00+00:00,9,18,27,µg/m³
Camden - Bloomsbury,2021-10-07T22:00:00+00:00,9,18,27,µg/m³
Camden - Bloomsbury,2021-10-07T21:00:00+00:00,9,19,28,µg/m³
Camden - Bloomsbury,2021-10-07T20:00:00+00:00,9,19,28,µg/m³
Camden - Bloomsbury,2021-10-07T19:00:00+00:00,9,19,28,µg/m³
Camden - Bloomsbury,2021-10-07T18:00:00+00:00,9,19,28,µg/m³
Camden - Bloomsbury,2021-10-07T17:00:00+00:00,9,19,28,µg/m³
Camden - Bloomsbury,2021-10-07T16:00:00+00:00,9,18,27,µg/m³
Camden - Bloomsbury,2021-10-07T15:00:00+00:00,9,18,27,µg/m³
Camden - Bloomsbury,2021-10-07T14:00:00+00:00,9,18,27,µg/m³
Camden - Bloomsbury,2021-10-07T13:00:00+00:00,9,17,26,µg/m³
Camden - Bloomsbury,2021-10-07T12:00:00+00:00,9,17,26,µg/m³
Camden - Bloomsbury,2021-10-07T11:00:00+00:00,9,17,26,µg/m³
Camden - Bloomsbury,2021-10-07T10:00:00+00:00,9,17,26,µg/m³
Camden - Bloomsbury,2021-10-07T09:00:00+00:00,9,17,26,µg/m³
Camden - Bloomsbury,2021-10-07T08:00:00+00:00,9,21,30,µg/m³
Camden - Bloomsbury,2021-10-07T07:00:00+00:00,11,23,34,µg/m³
Camden - Bloomsbury,2021-10-07T06:00:00+00:00,14,25,39,µg/m³
Camden - Bloomsbury,2021-10-07T05:00:00+00:00,6,28,34,µg/m³
Camden - Bloomsbury,2021-10-07T04:00:00+00:00,6,17,23,µg/m³
Camden - Bloomsbury,2021-10-07T03:00:00+00:00,7,14,21,µg/m³
Camden - Bloomsbury,2021-10-07T02:00:00+00:00,10,23,33,µg/m³
Camden - Bloomsbury,2021-10-07T01:00:00+00:00,7,17,24,µg/m³
Camden - Bloomsbury,2021-10-07T00:00:00+00:00,11,17,28,µg/m³
Camden - Bloomsbury,2021-10-06T22:00:00+00:00,6,13,19,µg/m³
Camden - Bloomsbury,2021-10-06T21:00:00+00:00,6,13,19,µg/m³
Camden - Bloomsbury,2021-10-06T20:00:00+00:00,6,12,18,µg/m³
Camden - Bloomsbury,2021-10-06T19:00:00+00:00,6,12,18,µg/m³
Camden - Bloomsbury,2021-10-06T18:00:00+00:00,6,12,18,µg/m³
Camden - Bloomsbury,2021-10-06T17:00:00+00:00,6,12,18,µg/m³
Camden - Bloomsbury,2021-10-06T16:00:00+00:00,6,12,18,µg/m³
Camden - Bloomsbury,2021-10-06T15:00:00+00:00,6,12,18,µg/m³
Camden - Bloomsbury,2021-10-06T14:00:00+00:00,6,12,18,µg/m³
Camden - Bloomsbury,2021-10-06T13:00:00+00:00,5,12,17,µg/m³
Camden - Bloomsbury,2021-10-06T12:00:00+00:00,5,12,17,µg/m³
Camden - Bloomsbury,2021-10-06T11:00:00+00:00,5,12,17,µg/m³
Camden - Bloomsbury,2021-10-06T10:00:00+00:00,5,12,17,µg/m³
Camden - Bloomsbury,2021-10-06T09:00:00+00:00,5,12,17,µg/m³
Camden - Bloomsbury,2021-10-06T08:00:00+00:00,5,11,16,µg/m³
Camden - Bloomsbury,2021-10-06T07:00:00+00:00,5,11,16,µg/m³
Camden - Bloomsbury,2021-10-06T06:00:00+00:00,5,11,16,µg/m³
Camden - Bloomsbury,2021-10-06T05:00:00+00:00,5,11,16,µg/m³
Camden - Bloomsbury,2021-10-06T04:00:00+00:00,5,11,16,µg/m³
Camden - Bloomsbury,2021-10-06T03:00:00+00:00,5,11,16,µg/m³
Camden - Bloomsbury,2021-10-06T02:00:00+00:00,5,11,16,µg/m³
Camden - Bloomsbury,2021-10-06T01:00:00+00:00,8,13,21,µg/m³
Camden - Bloomsbury,2021-10-06T00:00:00+00:00,5,11,16,µg/m³
Camden - Bloomsbury,2021-10-05T23:00:00+00:00,5,11,16,µg/m³
Camden - Bloomsbury,2021-10-05T22:00:00+00:00,5,11,16,µg/m³
Camden - Bloomsbury,2021-10-05T21:00:00+00:00,5,11,16,µg/m³
Camden - Bloomsbury,2021-10-05T20:00:00+00:00,5,11,16,µg/m³
Camden - Bloomsbury,2021-10-05T19:00:00+00:00,5,12,17,µg/m³
Camden - Bloomsbury,2021-10-05T18:00:00+00:00,5,12,17,µg/m³
Camden - Bloomsbury,2021-10-05T17:00:00+00:00,5,12,17,µg/m³
Camden - Bloomsbury,2021-10-05T16:00:00+00:00,5,12,17,µg/m³
Camden - Bloomsbury,2021-10-05T15:00:00+00:00,6,12,18,µg/m³
Camden - Bloomsbury,2021-10-05T14:00:00+00:00,6,12,18,µg/m³
Camden - Bloomsbury,2021-10-05T13:00:00+00:00,6,13,19,µg/m³
Camden - Bloomsbury,2021-10-05T12:00:00+00:00,6,13,19,µg/m³
Camden - Bloomsbury,2021-10-05T11:00:00+00:00,6,13,19,µg/m³
Camden - Bloomsbury,2021-10-05T10:00:00+00:00,6,13,19,µg/m³
Camden - Bloomsbury,2021-10-05T09:00:00+00:00,6,13,19,µg/m³
Camden - Bloomsbury,2021-10-05T08:00:00+00:00,6,13,19,µg/m³
Camden - Bloomsbury,2021-10-05T07:00:00+00:00,6,13,19,µg/m³
Camden - Bloomsbury,2021-10-05T06:00:00+00:00,6,13,19,µg/m³
Camden - Bloomsbury,2021-10-05T05:00:00+00:00,6,14,20,µg/m³
Camden - Bloomsbury,2021-10-05T04:00:00+00:00,6,13,19,µg/m³
Camden - Bloomsbury,2021-10-05T03:00:00+00:00,6,14,20,µg/m³
Camden - Bloomsbury,2021-10-05T02:00:00+00:00,6,14,20,µg/m³
Camden - Bloomsbury,2021-10-05T01:00:00+00:00,6,13,19,µg/m³
Camden - Bloomsbury,2021-10-05T00:00:00+00:00,6,14,20,µg/m³
Camden - Bloomsbury,2021-10-04T23:00:00+00:00,6,14,20,µg/m³
Camden - Bloomsbury,2021-10-04T22:00:00+00:00,6,15,21,µg/m³
Camden - Bloomsbury,2021-10-04T21:00:00+00:00,6,15,21,µg/m³
Camden - Bloomsbury,2021-10-04T20:00:00+00:00,6,15,21,µg/m³
Camden - Bloomsbury,2021-10-04T19:00:00+00:00,6,15,21,µg/m³
Camden - Bloomsbury,2021-10-04T18:00:00+00:00,6,15,21,µg/m³
Camden - Bloomsbury,2021-10-04T17:00:00+00:00,6,15,21,µg/m³
Camden - Bloomsbury,2021-10-04T16:00:00+00:00,6,15,21,µg/m³
Camden - Bloomsbury,2021-10-04T15:00:00+00:00,6,15,21,µg/m³
Camden - Bloomsbury,2021-10-04T14:00:00+00:00,6,15,21,µg/m³
Camden - Bloomsbury,2021-10-04T13:00:00+00:00,6,15,21,µg/m³
Camden - Bloomsbury,2021-10-04T12:00:00+00:00,6,15,21,µg/m³
Camden - Bloomsbury,2021-10-04T11:00:00+00:00,6,15,21,µg/m³
Camden - Bloomsbury,2021-10-04T10:00:00+00:00,6,15,21,µg/m³
Camden - Bloomsbury,2021-10-04T09:00:00+00:00,6,15,21,µg/m³
Camden - Bloomsbury,2021-10-04T08:00:00+00:00,6,15,21,µg/m³
Camden - Bloomsbury,2021-10-04T07:00:00+00:00,6,15,21,µg/m³
Camden - Bloomsbury,2021-10-04T06:00:00+00:00,6,15,21,µg/m³
Camden - Bloomsbury,2021-10-04T05:00:00+00:00,6,15,21,µg/m³
Camden - Bloomsbury,2021-10-04T04:00:00+00:00,6,15,21,µg/m³
Camden - Bloomsbury,2021-10-04T03:00:00+00:00,6,15,21,µg/m³
Camden - Bloomsbury,2021-10-04T02:00:00+00:00,6,14,20,µg/m³
Camden - Bloomsbury,2021-10-04T01:00:00+00:00,6,9,15,µg/m³
Camden - Bloomsbury,2021-10-04T00:00:00+00:00,5,14,19,µg/m³
Camden - Bloomsbury,2021-10-03T23:00:00+00:00,5,14,19,µg/m³
Camden - Bloomsbury,2021-10-03T22:00:00+00:00,5,14,19,µg/m³
Camden - Bloomsbury,2021-10-03T21:00:00+00:00,5,13,18,µg/m³
Camden - Bloomsbury,2021-10-03T20:00:00+00:00,5,13,18,µg/m³
Camden - Bloomsbury,2021-10-03T19:00:00+00:00,5,12,17,µg/m³
Camden - Bloomsbury,2021-10-03T18:00:00+00:00,5,12,17,µg/m³
Camden - Bloomsbury,2021-10-03T17:00:00+00:00,5,12,17,µg/m³
Camden - Bloomsbury,2021-10-03T16:00:00+00:00,5,11,16,µg/m³
Camden - Bloomsbury,2021-10-03T15:00:00+00:00,4,11,15,µg/m³
Camden - Bloomsbury,2021-10-03T14:00:00+00:00,4,11,15,µg/m³
Camden - Bloomsbury,2021-10-03T13:00:00+00:00,4,11,15,µg/m³
Camden - Bloomsbury,2021-10-03T12:00:00+00:00,4,11,15,µg/m³
Camden - Bloomsbury,2021-10-03T11:00:00+00:00,4,11,15,µg/m³
Camden - Bloomsbury,2021-10-03T10:00:00+00:00,4,11,15,µg/m³
Camden - Bloomsbury,2021-10-03T09:00:00+00:00,4,11,15,µg/m³
Camden - Bloomsbury,2021-10-03T08:00:00+00:00,4,12,16,µg/m³
Camden - Bloomsbury,2021-10-03T07:00:00+00:00,4,12,16,µg/m³
Camden - Bloomsbury,2021-10-03T06:00:00+00:00,4,12,16,µg/m³
Camden - Bloomsbury,2021-10-03T05:00:00+00:00,5,12,17,µg/m³
Camden - Bloomsbury,2021-10-03T04:00:00+00:00,5,12,17,µg/m³
Camden - Bloomsbury,2021-10-03T03:00:00+00:00,5,12,17,µg/m³
Camden - Bloomsbury,2021-10-03T02:00:00+00:00,5,12,17,µg/m³
Camden - Bloomsbury,2021-10-03T01:00:00+00:00,3,15,18,µg/m³
Camden - Bloomsbury,2021-10-03T00:00:00+00:00,5,13,18,µg/m³
Camden - Bloomsbury,2021-10-02T23:00:00+00:00,5,13,18,µg/m³
Camden - Bloomsbury,2021-10-02T22:00:00+00:00,6,13,19,µg/m³
Camden - Bloomsbury,2021-10-02T21:00:00+00:00,6,14,20,µg/m³
Camden - Bloomsbury,2021-10-02T20:00:00+00:00,6,14,20,µg/m³
Camden - Bloomsbury,2021-10-02T19:00:00+00:00,6,15,21,µg/m³
Camden - Bloomsbury,2021-10-02T18:00:00+00:00,6,15,21,µg/m³
Camden - Bloomsbury,2021-10-02T17:00:00+00:00,6,15,21,µg/m³
Camden - Bloomsbury,2021-10-02T16:00:00+00:00,7,15,22,µg/m³
Camden - Bloomsbury,2021-10-02T15:00:00+00:00,7,15,22,µg/m³
Camden - Bloomsbury,2021-10-02T14:00:00+00:00,7,16,23,µg/m³
Camden - Bloomsbury,2021-10-02T13:00:00+00:00,7,16,23,µg/m³
Camden - Bloomsbury,2021-10-02T12:00:00+00:00,7,16,23,µg/m³
Camden - Bloomsbury,2021-10-02T11:00:00+00:00,7,16,23,µg/m³
Camden - Bloomsbury,2021-10-02T10:00:00+00:00,7,15,22,µg/m³
Camden - Bloomsbury,2021-10-02T09:00:00+00:00,7,15,22,µg/m³
Camden - Bloomsbury,2021-10-02T08:00:00+00:00,6,15,21,µg/m³
Camden - Bloomsbury,2021-10-02T07:00:00+00:00,6,15,21,µg/m³
Camden - Bloomsbury,2021-10-02T06:00:00+00:00,6,15,21,µg/m³
Camden - Bloomsbury,2021-10-02T05:00:00+00:00,6,14,20,µg/m³
Camden - Bloomsbury,2021-10-02T04:00:00+00:00,6,14,20,µg/m³
Camden - Bloomsbury,2021-10-02T03:00:00+00:00,6,14,20,µg/m³
Camden - Bloomsbury,2021-10-02T02:00:00+00:00,5,14,19,µg/m³
Camden - Bloomsbury,2021-10-02T01:00:00+00:00,4,17,21,µg/m³
Camden - Bloomsbury,2021-10-02T00:00:00+00:00,5,13,18,µg/m³
Camden - Bloomsbury,2021-10-01T23:00:00+00:00,5,12,17,µg/m³
Camden - Bloomsbury,2021-10-01T22:00:00+00:00,5,12,17,µg/m³
Camden - Bloomsbury,2021-10-01T21:00:00+00:00,4,12,16,µg/m³
Camden - Bloomsbury,2021-10-01T20:00:00+00:00,4,11,15,µg/m³
Camden - Bloomsbury,2021-10-01T19:00:00+00:00,4,11,15,µg/m³
Camden - Bloomsbury,2021-10-01T18:00:00+00:00,4,11,15,µg/m³
Camden - Bloomsbury,2021-10-01T17:00:00+00:00,4,11,15,µg/m³
Camden - Bloomsbury,2021-10-01T16:00:00+00:00,4,11,15,µg/m³
Camden - Bloomsbury,2021-10-01T15:00:00+00:00,4,11,15,µg/m³
Camden - Bloomsbury,2021-10-01T14:00:00+00:00,4,12,16,µg/m³
Camden - Bloomsbury,2021-10-01T13:00:00+00:00,4,12,16,µg/m³
Camden - Bloomsbury,2021-10-01T12:00:00+00:00,4,13,17,µg/m³
Camden - Bloomsbury,2021-10-01T11:00:00+00:00,4,13,17,µg/m³
Camden - Bloomsbury,2021-10-01T10:00:00+00:00,4,14,18,µg/m³
Camden - Bloomsbury,2021-10-01T09:00:00+00:00,4,14,18,µg/m³
Camden - Bloomsbury,2021-10-01T08:00:00+00:00,4,14,18,µg/m³
Camden - Bloomsbury,2021-10-01T07:00:00+00:00,4,15,19,µg/m³
Camden - Bloomsbury,2021-10-01T06:00:00+00:00,5,15,20,µg/m³
Camden - Bloomsbury,2021-10-01T05:00:00+00:00,5,15,20,µg/m³
Camden - Bloomsbury,2021-10-01T04:00:00+00:00,5,15,20,µg/m³
Camden - Bloomsbury,2021-10-01T03:00:00+00:00,5,16,21,µg/m³
Camden - Bloomsbury,2021-10-01T02:00:00+00:00,5,16,21,µg/m³
Camden - Bloomsbury,2021-10-01T01:00:00+00:00,2,6,8,µg/m³
Camden - Bloomsbury,2021-10-01T00:00:00+00:00,6,17,23,µg/m³
Camden - Bloomsbury,2021-09-30T23:00:00+00:00,6,17,23,µg/m³
Camden - Bloomsbury,2021-09-30T22:00:00+00:00,6,17,23,µg/m³
Camden - Bloomsbury,2021-09-30T21:00:00+00:00,6,18,24,µg/m³
Camden - Bloomsbury,2021-09-30T20:00:00+00:00,6,18,24,µg/m³
Camden - Bloomsbury,2021-09-30T19:00:00+00:00,6,18,24,µg/m³
Camden - Bloomsbury,2021-09-30T18:00:00+00:00,6,19,25,µg/m³
Camden - Bloomsbury,2021-09-30T17:00:00+00:00,7,19,26,µg/m³
Camden - Bloomsbury,2021-09-30T16:00:00+00:00,6,18,24,µg/m³
Camden - Bloomsbury,2021-09-30T15:00:00+00:00,6,18,24,µg/m³
Camden - Bloomsbury,2021-09-30T14:00:00+00:00,6,17,23,µg/m³
Camden - Bloomsbury,2021-09-30T13:00:00+00:00,7,17,24,µg/m³
Camden - Bloomsbury,2021-09-30T12:00:00+00:00,7,16,23,µg/m³
Camden - Bloomsbury,2021-09-30T11:00:00+00:00,7,16,23,µg/m³
Camden - Bloomsbury,2021-09-30T10:00:00+00:00,7,15,22,µg/m³
Camden - Bloomsbury,2021-09-30T09:00:00+00:00,7,15,22,µg/m³
Camden - Bloomsbury,2021-09-30T08:00:00+00:00,7,15,22,µg/m³
Camden - Bloomsbury,2021-09-30T07:00:00+00:00,7,15,22,µg/m³
Camden - Bloomsbury,2021-09-30T06:00:00+00:00,7,14,21,µg/m³
Camden - Bloomsbury,2021-09-30T05:00:00+00:00,6,14,20,µg/m³
Camden - Bloomsbury,2021-09-30T04:00:00+00:00,6,14,20,µg/m³
Camden - Bloomsbury,2021-09-30T03:00:00+00:00,6,14,20,µg/m³
Camden - Bloomsbury,2021-09-30T02:00:00+00:00,6,13,19,µg/m³
Camden - Bloomsbury,2021-09-30T01:00:00+00:00,7,16,23,µg/m³
Camden - Bloomsbury,2021-09-30T00:00:00+00:00,6,12,18,µg/m³
Camden - Bloomsbury,2021-09-29T23:00:00+00:00,5,12,17,µg/m³
Camden - Bloomsbury,2021-09-29T22:00:00+00:00,5,12,17,µg/m³
Camden - Bloomsbury,2021-09-29T21:00:00+00:00,6,11,17,µg/m³
Camden - Bloomsbury,2021-09-29T20:00:00+00:00,6,11,17,µg/m³
Camden - Bloomsbury,2021-09-29T19:00:00+00:00,6,11,17,µg/m³
Camden - Bloomsbury,2021-09-29T18:00:00+00:00,5,11,16,µg/m³
Camden - Bloomsbury,2021-09-29T17:00:00+00:00,5,11,16,µg/m³
Camden - Bloomsbury,2021-09-29T16:00:00+00:00,5,11,16,µg/m³
Camden - Bloomsbury,2021-09-29T15:00:00+00:00,5,11,16,µg/m³
Camden - Bloomsbury,2021-09-29T14:00:00+00:00,5,12,17,µg/m³
Camden - Bloomsbury,2021-09-29T13:00:00+00:00,4,12,16,µg/m³
Camden - Bloomsbury,2021-09-29T12:00:00+00:00,5,12,17,µg/m³
Camden - Bloomsbury,2021-09-29T11:00:00+00:00,5,12,17,µg/m³
Camden - Bloomsbury,2021-09-29T10:00:00+00:00,5,12,17,µg/m³
Camden - Bloomsbury,2021-09-29T09:00:00+00:00,5,12,17,µg/m³
Camden - Bloomsbury,2021-09-29T08:00:00+00:00,5,12,17,µg/m³
Camden - Bloomsbury,2021-09-29T07:00:00+00:00,5,12,17,µg/m³
Camden - Bloomsbury,2021-09-29T06:00:00+00:00,5,13,18,µg/m³
Camden - Bloomsbury,2021-09-29T05:00:00+00:00,5,13,18,µg/m³
Camden - Bloomsbury,2021-09-29T04:00:00+00:00,5,13,18,µg/m³
Camden - Bloomsbury,2021-09-29T03:00:00+00:00,5,14,19,µg/m³
Camden - Bloomsbury,2021-09-29T02:00:00+00:00,5,14,19,µg/m³
Camden - Bloomsbury,2021-09-29T01:00:00+00:00,1,3,4,µg/m³
Camden - Bloomsbury,2021-09-29T00:00:00+00:00,6,15,21,µg/m³
Camden - Bloomsbury,2021-09-28T23:00:00+00:00,6,15,21,µg/m³
Camden - Bloomsbury,2021-09-28T22:00:00+00:00,6,15,21,µg/m³
Camden - Bloomsbury,2021-09-28T21:00:00+00:00,6,16,22,µg/m³
Camden - Bloomsbury,2021-09-28T20:00:00+00:00,6,16,22,µg/m³
Camden - Bloomsbury,2021-09-28T19:00:00+00:00,6,16,22,µg/m³
Camden - Bloomsbury,2021-09-28T18:00:00+00:00,6,16,22,µg/m³
Camden - Bloomsbury,2021-09-28T17:00:00+00:00,6,16,22,µg/m³
Camden - Bloomsbury,2021-09-28T16:00:00+00:00,6,16,22,µg/m³
Camden - Bloomsbury,2021-09-28T15:00:00+00:00,7,16,23,µg/m³
Camden - Bloomsbury,2021-09-28T14:00:00+00:00,7,15,22,µg/m³
Camden - Bloomsbury,2021-09-28T13:00:00+00:00,6,15,21,µg/m³
Camden - Bloomsbury,2021-09-28T12:00:00+00:00,6,15,21,µg/m³
Camden - Bloomsbury,2021-09-28T11:00:00+00:00,7,15,22,µg/m³
Camden - Bloomsbury,2021-09-28T10:00:00+00:00,6,15,21,µg/m³
Camden - Bloomsbury,2021-09-28T09:00:00+00:00,6,15,21,µg/m³
Camden - Bloomsbury,2021-09-28T08:00:00+00:00,6,14,20,µg/m³
Camden - Bloomsbury,2021-09-28T07:00:00+00:00,6,14,20,µg/m³
Camden - Bloomsbury,2021-09-28T06:00:00+00:00,6,14,20,µg/m³
Camden - Bloomsbury,2021-09-28T05:00:00+00:00,6,14,20,µg/m³
Camden - Bloomsbury,2021-09-28T04:00:00+00:00,6,14,20,µg/m³
Camden - Bloomsbury,2021-09-28T03:00:00+00:00,6,13,19,µg/m³
Camden - Bloomsbury,2021-09-28T02:00:00+00:00,6,13,19,µg/m³
Camden - Bloomsbury,2021-09-28T01:00:00+00:00,5,12,17,µg/m³
Camden - Bloomsbury,2021-09-28T00:00:00+00:00,6,13,19,µg/m³
Camden - Bloomsbury,2021-09-27T23:00:00+00:00,6,13,19,µg/m³
